Country,Year,CC,GE,PV,RQ,RL,VA,GDP,GDP_PC,Inflation,Pop_Growth,Population,Unemployment,Conflict,MilExp,FreedomScore,Income Group,Regime_Type,Freedom_Category,Conflict_next_year,Internal_Conflict,Conflict_lag_1,Internal_Conflict_lag_1,GDP_lag_1,MilExp_lag_1,PV_lag_1,GE_lag_1,GDP_change,MilExp_change,PV_change,GE_change,Conflict_rolling_3yr,Internal_Conflict_rolling_3yr,log_GDP,log_Population,log_MilExp,Income Group_H,Income Group_L,Income Group_LM,Income Group_UM,Regime_Type_Democracy,Regime_Type_Hybrid,Freedom_Category_Not Free,Freedom_Category_Partly Free,Conflict_next_year_Pred,Conflict_Probability
Afghanistan,2021,23.1191682,18.1708567,24.0335589,32.6259609,27.3576848,31.8561734,14259995441.07591,356.4962141158923,5.133203408249625,2.35609779179185,40000412,5.679,1,278.250788014927,10,L,Autocracy,Not Free,,1,0.0,0.0,14259995441.07591,278.250788014927,24.0335589,18.1708567,0.0,0.0,0.0,0.0,1.0,1.0,23.38072393230249,17.504400337024908,5.632110259843008,0,0,0,0,0,0,0,0,1,0.545
Albania,2023,38.4618567,57.0459179,66.3155692,55.86035469999999,54.3312817,56.2122608,23491242727.40822,9730.869219068934,4.758345551500386,-1.54310811387613,2414095,10.669,0,397.6176130695455,68,UM,Hybrid,Partly Free,,0,0.0,0.0,23491242727.40822,397.6176130695455,66.3155692,57.0459179,0.0,0.0,0.0,0.0,0.0,0.0,23.879893538790345,14.696835447868771,5.98800259413198,0,0,0,0,0,0,0,0,0,0.0
Algeria,2017,36.9149217,41.1681878,50.0169672,39.9443843,42.0323238,43.0234808,189880896903.0733,4554.667539578281,5.591115909616639,2.03200060784518,41689299,12.0,0,10073.36402130134,35,UM,Autocracy,Not Free,,0,0.0,0.0,189880896903.0733,10073.36402130134,50.0169672,41.1681878,0.0,0.0,0.0,0.0,0.0,0.0,25.96966285414941,17.54575505911875,9.217749260385862,0,0,0,0,0,0,0,0,0,0.305
Angola,2022,35.646071,35.1519358,56.6462987,41.2696867,36.9565122,38.5050347,131212208930.3441,3682.113151369797,21.35529013208222,3.14302612044601,35635029,14.094,0,1622.763731950967,28,LM,Autocracy,Not Free,,0,0.0,0.0,131212208930.3441,1622.763731950967,56.6462987,35.1519358,0.0,0.0,0.0,0.0,0.0,0.0,25.600081765006117,17.388839700786704,7.39250202488575,0,0,0,0,0,0,0,0,0,0.095
Argentina,2024,41.2619998,54.9132764,62.99485989999999,51.156098,52.6382821,63.597359,638365455340.0404,13969.78366037374,219.883929014578,0.345829819817895,45696159,1.694,0,4177.618452205222,85,UM,Democracy,Free,,0,0.0,0.0,638365455340.0404,4177.618452205222,62.99485989999999,54.9132764,0.0,0.0,0.0,0.0,0.0,0.0,27.182176770310047,17.637524826075822,8.337735957060568,0,0,0,0,0,0,0,0,0,0.025
Armenia,2023,49.97233079999999,48.1625284,57.3152603,56.383805,53.3368421,57.9245941,24185982215.6543,8159.087209679959,1.980418776155536,-0.165163937436499,2964300,8.298,0,1326.245679386689,54,UM,Hybrid,Partly Free,,0,0.0,0.0,24185982215.6543,1326.245679386689,57.3152603,48.1625284,0.0,0.0,0.0,0.0,0.0,0.0,23.909039055034864,14.902151812198879,7.190861156146137,0,0,0,0,0,0,0,0,0,0.03
Australia,2024,85.3425462,86.5155896,79.44470249999999,82.02623299999999,82.2713526,83.31878209999999,1757022451652.831,64603.98563084642,3.161614283057498,1.99383715356028,27196812,3.942,0,33819.57236842105,95,H,Democracy,Free,,0,0.0,0.0,1757022451652.831,33819.57236842105,79.44470249999999,86.5155896,0.0,0.0,0.0,0.0,0.0,0.0,28.194641703454728,17.118610355283742,10.428824546272137,0,0,0,0,0,0,0,0,0,0.005
Austria,2024,74.0564191,80.788653,74.2916722,76.1709511,85.839794,81.44823679999999,534790720466.8218,58268.87876516012,2.93791574279383,0.504879813795986,9177982,5.161,0,5258.693991825819,93,H,Democracy,Free,,0,0.0,0.0,534790720466.8218,5258.693991825819,74.2916722,80.788653,0.0,0.0,0.0,0.0,0.0,0.0,27.005141330617196,16.032318021679806,8.56782812758047,0,0,0,0,0,0,0,0,0,0.0
Azerbaijan,2022,31.0498764,50.2836338,56.6353442,53.9065375,47.5250716,31.8131103,78807470588.2353,7770.594223350996,13.8522590144267,0.039507866238038,10141756,5.65,0,2991.035294117647,9,UM,Autocracy,Not Free,,0,0.0,0.0,78807470588.2353,2991.035294117647,56.6353442,50.2836338,0.0,0.0,0.0,0.0,0.0,0.0,25.09027363374851,16.132171815278813,8.003709135187108,0,0,0,0,0,0,0,0,0,0.025
Bahrain,2012,51.2212153,57.8638325,48.2073407,67.5311823,54.59570009999999,36.409908,31963404255.31915,26438.67332304283,2.757396699629792,1.1600872869288,1208964,1.2,0,1182.18085106383,18,H,Autocracy,Not Free,,0,0.0,0.0,31963404255.31915,1182.18085106383,48.2073407,57.8638325,0.0,0.0,0.0,0.0,0.0,0.0,24.18785746832721,14.005275179632806,7.075961727242495,0,0,0,0,0,0,0,0,0,0.095
Bangladesh,2024,25.5454805,39.305124,40.9048506,39.8788257,40.4414129,36.5322872,450119432068.8522,2593.416116807744,10.46574827634125,1.21462115417186,173562364,3.635,0,4034.561892720439,45,LM,Hybrid,Partly Free,,0,0.0,0.0,450119432068.8522,4034.561892720439,40.9048506,39.305124,0.0,0.0,0.0,0.0,0.0,0.0,26.832778789096878,18.9720475452132,8.302900825710486,0,0,0,0,0,0,0,0,0,0.115
Belarus,2024,36.1526013,37.6995982,59.4495003,35.42815909999999,35.7852241,27.2627222,75961865471.91293,8317.63399913792,5.785319104279989,-0.49881794290787,9132629,3.039,0,1491.391768483638,7,UM,Autocracy,Not Free,,0,0.0,0.0,75961865471.91293,1491.391768483638,59.4495003,37.6995982,0.0,0.0,0.0,0.0,0.0,0.0,25.053497281210753,16.027364272425704,7.308135325708392,0,0,0,0,0,0,0,0,0,0.055
Belgium,2024,77.5852129,74.5710173,67.9689981,74.4753152,79.0425834,83.05420389999999,671370081636.4061,56614.56794990358,3.143491365000414,0.66555918543206,11858610,5.701,0,8561.520105747992,96,H,Democracy,Free,,0,0.0,0.0,671370081636.4061,8561.520105747992,67.9689981,74.5710173,0.0,0.0,0.0,0.0,0.0,0.0,27.23258635933981,16.288564828317693,9.055149830684277,0,0,0,0,0,0,0,0,0,0.015
Belize,2019,46.3235149,44.0054261,68.1731163,45.7954221,47.304396,58.198669,2381187850.0,6171.614497614228,0.1870693851814241,1.46284533510266,385829,9.053,0,24.42495,86,UM,Democracy,Free,,0,0.0,0.0,2381187850.0,24.42495,68.1731163,44.0054261,0.0,0.0,0.0,0.0,0.0,0.0,21.590865297181107,12.863152136928242,3.2357309753643517,0,0,0,0,0,0,0,0,0,0.005
Benin,2022,45.6118468,47.1616961,58.4245958,50.352593,48.902081,49.1893276,17425405090.862,1266.427110319044,1.350778635835274,2.54740926342667,13759501,1.685,0,110.0103703173222,59,LM,Hybrid,Partly Free,,0,0.0,0.0,17425405090.862,110.0103703173222,58.4245958,47.1616961,0.0,0.0,0.0,0.0,0.0,0.0,23.581195041062344,16.437240197954065,4.709623623230553,0,0,0,0,0,0,0,0,0,0.07
Bolivia,2024,27.6622228,39.4715143,56.5672297,35.0786424,35.1463232,49.1522731,54881327452.96671,4421.166098899988,5.099765683174272,1.37206798819615,12413315,2.73,0,655.1301263654879,65,LM,Hybrid,Partly Free,,0,0.0,0.0,54881327452.96671,655.1301263654879,56.5672297,39.4715143,0.0,0.0,0.0,0.0,0.0,0.0,24.72843900837265,16.334280325356044,6.4863591326347025,0,0,0,0,0,0,0,0,0,0.005
Bosnia and Herzegovina,2024,37.4735881,38.9873757,57.3354627,49.3451777,51.4721898,49.9313526,29613572022.89933,9358.78768951134,1.692127335997238,-0.655819991673837,3164253,10.706,0,215.9748685076517,52,UM,Hybrid,Partly Free,,0,0.0,0.0,29613572022.89933,215.9748685076517,57.3354627,38.9873757,0.0,0.0,0.0,0.0,0.0,0.0,24.11149860751178,14.967427882776516,5.379781533504784,0,0,0,0,0,0,0,0,0,0.035
Botswana,2024,60.6300979,59.4464824,83.5276303,61.2018557,62.335899,62.0171118,19402063512.90664,7695.75319445165,2.818351316762511,1.63538411022867,2521139,24.433,0,567.8226514486391,75,UM,Democracy,Free,,0,0.0,0.0,19402063512.90664,567.8226514486391,83.5276303,59.4464824,0.0,0.0,0.0,0.0,0.0,0.0,23.688645264055378,14.740221738146573,6.3435687009180475,0,0,0,0,0,0,0,0,0,0.0
Brazil,2024,39.5782583,46.9849597,57.00222119999999,50.2174997,49.2849848,62.3883763,2185821648943.86,10310.54887781655,4.367464076523365,0.405467027627251,211998573,6.801,1,20947.72326502912,72,UM,Democracy,Free,,0,0.0,0.0,2185821648943.86,20947.72326502912,57.00222119999999,46.9849597,0.0,0.0,0.0,0.0,1.0,0.0,28.413012914497546,19.17209010619857,9.94983298148986,0,0,0,0,0,0,0,0,1,0.895
Bulgaria,2024,42.9964948,52.1730773,66.5764069,59.40550039999999,56.39086589999999,60.5840325,113343355779.9852,17596.01736635211,2.446519430060789,-0.0803071609561488,6441421,4.165,0,2329.834254143646,77,H,Democracy,Free,,0,0.0,0.0,113343355779.9852,2329.834254143646,66.5764069,52.1730773,0.0,0.0,0.0,0.0,0.0,0.0,25.453687595340142,15.678259881159574,7.753981531464193,0,0,0,0,0,0,0,0,0,0.0
Burkina Faso,2024,42.7426883,34.3295393,33.3312021,46.5739404,41.7528823,39.96848079999999,23124729853.0218,981.9926497690815,4.190817213445235,2.24597728439097,23548781,3.441,1,1023.672220142577,25,L,Autocracy,Not Free,,1,0.0,0.0,23124729853.0218,1023.672220142577,33.3312021,34.3295393,0.0,0.0,0.0,0.0,1.0,1.0,23.86416843828842,16.974584657343964,6.932128055203555,0,0,0,0,0,0,0,0,1,0.91
Burundi,2020,20.4686101,30.0796307,40.3528211,38.8207368,34.2257226,31.2520138,3227847281.315437,255.8324539388995,7.321106434155209,2.9086530249822,12617036,1.03,1,67.47409271629704,14,L,Autocracy,Not Free,,1,0.0,0.0,3227847281.315437,67.47409271629704,40.3528211,30.0796307,0.0,0.0,0.0,0.0,1.0,1.0,21.895081275923744,16.350558601456896,4.226455465208088,0,0,0,0,0,0,0,0,0,0.135
Cambodia,2023,25.1511491,43.2504809,68.19429749999999,44.197569,38.0414044,30.0876992,42335646895.79839,2429.748534528382,2.127467965941944,1.28320677599476,17423880,0.256,0,667.9857331584851,23,LM,Autocracy,Not Free,,0,0.0,0.0,42335646895.79839,667.9857331584851,68.19429749999999,43.2504809,0.0,0.0,0.0,0.0,0.0,0.0,24.46889528434905,16.673352294471318,6.505762734278241,0,0,0,0,0,0,0,0,0,0.05
Cameroon,2021,25.2724202,36.0242139,38.9279612,41.9819588,35.977058,35.059913,45011937346.83839,1672.326573408722,2.271857625036371,2.65496076580698,26915758,3.275,1,443.3368320056767,15,LM,Autocracy,Not Free,,1,0.0,0.0,45011937346.83839,443.3368320056767,38.9279612,36.0242139,0.0,0.0,0.0,0.0,1.0,1.0,24.53019356593411,17.108222509468124,6.096582905460867,0,0,0,0,0,0,0,0,1,0.675
Canada,2024,80.8871678,85.5449383,76.1173365,76.3468072,82.1066204,83.1660553,2243636826633.762,54340.34772247326,2.381583832811731,2.96220294420494,41288599,6.351,0,29346.89781021898,97,H,Democracy,Free,,0,0.0,0.0,2243636826633.762,29346.89781021898,76.1173365,85.5449383,0.0,0.0,0.0,0.0,0.0,0.0,28.439119248528055,17.53609699077254,10.286976197826288,0,0,0,0,0,0,0,0,0,0.015
Chad,2018,18.2937241,28.4343341,42.657761,37.1356993,33.601962,33.7352512,15327000248.87007,948.6566298712311,4.274621986105452,3.35956028710956,16156531,1.135,0,253.174123337364,17,L,Autocracy,Not Free,,0,0.0,0.0,15327000248.87007,253.174123337364,42.657761,28.4343341,0.0,0.0,0.0,0.0,0.0,0.0,23.45288183226579,16.597834984066104,5.538019557103891,0,0,0,0,0,0,0,0,0,0.405
Chile,2024,70.2378516,70.09347749999999,67.96735819999999,67.1756362,68.8582581,74.2500039,330267137371.5923,16709.88939723067,4.29763891572524,0.537425495656651,19764771,8.756,0,5105.441707261223,95,H,Democracy,Free,,0,0.0,0.0,330267137371.5923,5105.441707261223,67.96735819999999,70.09347749999999,0.0,0.0,0.0,0.0,0.0,0.0,26.523167671122383,16.799411719103762,8.538258101553257,0,0,0,0,0,0,0,0,0,0.01
China,2021,48.9819814,64.3085821,61.4673891,54.47333709999999,47.69469,28.6055622,18201698719563.96,12887.43572429406,0.9810151355448816,0.0892522000412526,1412360000,5.11,0,285930.5180560527,9,UM,Autocracy,Not Free,,0,0.0,0.0,18201698719563.96,285930.5180560527,61.4673891,64.3085821,0.0,0.0,0.0,0.0,0.0,0.0,30.532536041895575,21.068527901736438,12.563507613773435,0,0,0,0,0,0,0,0,0,0.03
Colombia,2024,41.90949,49.1802654,49.3103253,55.0740059,47.3311328,57.4541954,418818154879.2711,7919.20886825345,6.609085937282281,1.07447920962035,52886363,9.619,1,15096.25911190623,70,UM,Democracy,Free,,0,0.0,0.0,418818154879.2711,15096.25911190623,49.3103253,49.1802654,0.0,0.0,0.0,0.0,1.0,0.0,26.760702664765088,17.78365609422411,9.622268490559236,0,0,0,0,0,0,0,0,1,0.865
Costa Rica,2024,61.6036307,56.9189193,85.9764519,64.0390444,67.5792602,74.5525589,95350423176.59622,18587.15322034816,-0.4128530010470691,0.476482848761595,5129910,6.936,0,0.0,91,H,Democracy,Free,,0,0.0,0.0,95350423176.59622,0.0,85.9764519,56.9189193,0.0,0.0,0.0,0.0,0.0,0.0,25.280824607132924,15.450598868068582,0.0,0,0,0,0,0,0,0,0,0,0.0
Croatia,2024,50.8643651,65.1411148,75.8257878,59.3714688,63.4614669,68.2024792,92983810328.90884,24050.43979331355,2.972004776436181,0.168627948783285,3866200,5.033,0,1629.055602069095,82,H,Democracy,Free,,0,0.0,0.0,92983810328.90884,1629.055602069095,75.8257878,65.1411148,0.0,0.0,0.0,0.0,0.0,0.0,25.255691232471456,15.167782929121602,7.3963694049178486,0,0,0,0,0,0,0,0,0,0.0
Cyprus,2024,58.6330074,68.2497236,72.4855218,66.527046,68.8261756,72.3797719,37634533331.89016,38674.29296875,1.800230186248152,0.984449687113221,1358282,4.867,0,598.1857556070449,91,H,Democracy,Free,,0,0.0,0.0,37634533331.89016,598.1857556070449,72.4855218,68.2497236,0.0,0.0,0.0,0.0,0.0,0.0,24.351187905539106,14.121731960087706,6.3955716595690495,0,0,0,0,0,0,0,0,0,0.0
Czechia,2024,66.70103,74.2324658,82.4960109,74.29172319999999,77.4132754,78.8095441,347034062928.4791,31823.30782905638,2.435312024353143,0.376553049157494,10905028,2.603,0,6524.946704278731,95,H,Democracy,Free,,0,0.0,0.0,347034062928.4791,6524.946704278731,82.4960109,74.2324658,0.0,0.0,0.0,0.0,0.0,0.0,26.572688776137394,16.20473461694491,8.783541310444885,0,0,0,0,0,0,0,0,0,0.0
Denmark,2024,94.15683369999999,88.5349172,79.0280276,85.3127667,91.4603795,90.0154146,424524722037.047,71026.4832271897,1.372200497689179,0.503861198167737,5976992,6.151,0,9958.899778691117,97,H,Democracy,Free,,0,0.0,0.0,424524722037.047,9958.899778691117,79.0280276,88.5349172,0.0,0.0,0.0,0.0,0.0,0.0,26.774236079018646,15.603428156649606,9.206322288147607,0,0,0,0,0,0,0,0,0,0.0
Dominican Republic,2024,42.4808681,52.7919493,75.9612671,58.132649,53.8278428,60.3698685,124282245638.5685,10875.6618443092,3.302233389512271,0.846199988604412,11427557,5.314,0,980.991970499619,68,UM,Democracy,Partly Free,,0,0.0,0.0,124282245638.5685,980.991970499619,75.9612671,52.7919493,0.0,0.0,0.0,0.0,0.0,0.0,25.545820990503124,16.251538364650983,6.889583131640404,0,0,0,0,0,0,0,0,0,0.0
Ecuador,2024,32.1538699,47.07032479999999,53.5770067,44.6676535,40.3557466,55.0090172,124676074700.0,6874.705739765999,1.547325156153691,0.860548498593581,18135478,3.386,0,2698.0,65,UM,Hybrid,Partly Free,,0,0.0,0.0,124676074700.0,2698.0,53.5770067,47.07032479999999,0.0,0.0,0.0,0.0,0.0,0.0,25.548984808361496,16.71338074336383,7.900636613018005,0,0,0,0,0,0,0,0,0,0.12
El Salvador,2024,36.1837975,47.7787327,65.9991479,52.083202,44.6872968,43.04991829999999,35364960000.0,5579.659691650286,0.8537822925672883,0.451762522948611,6338193,2.707,0,425.1999999999999,47,UM,Hybrid,Partly Free,,0,0.0,0.0,35364960000.0,425.1999999999999,65.9991479,47.7787327,0.0,0.0,0.0,0.0,0.0,0.0,24.28898733640022,15.662104427789485,6.054908719664517,0,0,0,0,0,0,0,0,0,0.03
Estonia,2024,81.64444619999999,76.5591936,77.8442761,76.9065617,82.5475225,81.60649959999999,43130419829.34999,31428.3547816104,3.520560532965857,0.149856351926424,1372341,7.501,0,1441.919732774306,96,H,Democracy,Free,,0,0.0,0.0,43130419829.34999,1441.919732774306,77.8442761,76.5591936,0.0,0.0,0.0,0.0,0.0,0.0,24.48749438162672,14.132029327342106,7.274423931983699,0,0,0,0,0,0,0,0,0,0.0
Eswatini,2016,42.3114505,46.5114453,58.2348978,48.2858855,47.7098147,33.6323715,3722306116.728715,3238.176119613639,7.847274590856799,0.584038792817515,1149507,22.718,0,80.52777990285844,18,LM,Autocracy,Not Free,,0,0.0,0.0,3722306116.728715,80.52777990285844,58.2348978,46.5114453,0.0,0.0,0.0,0.0,0.0,0.0,22.037609237278506,13.954844582708786,4.400943819871812,0,0,0,0,0,0,0,0,0,0.02
Ethiopia,2021,39.7519469,38.6928804,31.4927932,42.7432106,40.6411603,38.0877526,109070960371.8593,893.0098354490499,26.83952215577222,2.67249538803955,122138588,3.935,1,1595.54372901487,23,L,Autocracy,Not Free,,1,0.0,0.0,109070960371.8593,1595.54372901487,31.4927932,38.6928804,0.0,0.0,0.0,0.0,1.0,1.0,25.41526451995382,18.62066693337552,7.375596402330847,0,0,0,0,0,0,0,0,1,0.84
Fiji,2024,59.2444859,63.1811265,77.82486279999999,55.8892306,62.2273751,62.6535898,5968125909.27126,6425.741517157122,4.511382565241553,0.500721796949901,928784,5.361,0,77.63833568937058,69,UM,Hybrid,Partly Free,,0,0.0,0.0,5968125909.27126,77.63833568937058,77.82486279999999,63.1811265,0.0,0.0,0.0,0.0,0.0,0.0,22.50969879719088,13.741632559364607,4.364859311949782,0,0,0,0,0,0,0,0,0,0.0
Finland,2024,92.226018,86.6733953,80.1160128,85.8302775,91.75219729999999,89.2911196,298696961297.6562,53149.76719340505,1.565689062316155,0.642640054363343,5619911,8.336,0,6987.848067308337,100,H,Democracy,Free,,0,0.0,0.0,298696961297.6562,6987.848067308337,80.1160128,86.6733953,0.0,0.0,0.0,0.0,0.0,0.0,26.42269538902887,15.54182656338429,8.852071024409579,0,0,0,0,0,0,0,0,0,0.0
France,2024,72.5135486,74.6869309,61.771486,72.9392482,73.8081373,76.95378319999999,3160442622465.078,46103.08408558839,1.99904942291463,0.261995241898747,68551653,7.436,0,64675.01530619972,89,H,Democracy,Free,,0,0.0,0.0,3160442622465.078,64675.01530619972,61.771486,74.6869309,0.0,0.0,0.0,0.0,0.0,0.0,28.781733204119085,18.04309809205496,11.07714570551933,0,0,0,0,0,0,0,0,0,0.11
Gabon,2010,31.8614364,40.0367344,65.8785074,48.3730116,46.56263879999999,41.77702,14372593020.2885,8356.746620133452,1.46154402720469,3.44994267851283,1719879,20.39,0,268.7385039079142,34,UM,Autocracy,Not Free,,0,0.0,0.0,14372593020.2885,268.7385039079142,65.8785074,40.0367344,0.0,0.0,0.0,0.0,0.0,0.0,23.388588967612527,14.357765078913914,5.5974529856505315,0,0,0,0,0,0,0,0,0,0.01
Georgia,2024,55.5685949,60.2121471,55.4274855,65.1148903,59.5285321,52.4116933,34189423544.99553,9241.49122313713,1.109717580220962,-0.429560042538271,3699557,8.014,0,615.8640455928504,55,UM,Hybrid,Partly Free,,0,0.0,0.0,34189423544.99553,615.8640455928504,55.4274855,60.2121471,0.0,0.0,0.0,0.0,0.0,0.0,24.255182180145322,15.123723911019145,6.424648652125879,0,0,0,0,0,0,0,0,0,0.035
Germany,2024,83.7515919,81.40675499999999,68.0170742,78.4893499,84.9456033,84.8208684,4685592577804.687,56103.73231825545,2.256498143387602,0.274957829184881,83516593,3.372,0,88458.47638951086,95,H,Democracy,Free,,0,0.0,0.0,4685592577804.687,88458.47638951086,68.0170742,81.40675499999999,0.0,0.0,0.0,0.0,0.0,0.0,29.17551350767721,18.240555900615707,11.390299832226763,0,0,0,0,0,0,0,0,0,0.015
Ghana,2022,45.89699539999999,50.051445,62.6874031,52.305874,57.0014518,59.8196813,73919003209.98665,2229.89122647803,31.25589510490163,1.92029034344132,33149152,2.87,0,229.2788662090779,80,LM,Democracy,Free,,0,0.0,0.0,73919003209.98665,229.2788662090779,62.6874031,50.051445,0.0,0.0,0.0,0.0,0.0,0.0,25.026235779489063,17.31652772374182,5.439291036263604,0,0,0,0,0,0,0,0,0,0.025
Greece,2024,53.9208369,55.0595965,68.27591679999999,62.42759789999999,62.0986924,70.5336147,256238371778.1179,24626.14818589726,2.741490457886055,-0.0213045199396999,10405134,10.02,0,8021.963044451801,85,H,Democracy,Free,,0,0.0,0.0,256238371778.1179,8021.963044451801,68.27591679999999,55.0595965,0.0,0.0,0.0,0.0,0.0,0.0,26.26937398794644,16.157809992257178,8.99006308954235,0,0,0,0,0,0,0,0,0,0.01
Guatemala,2024,28.6604826,33.6586778,62.3112389,49.9827169,40.4032981,48.6097484,113199581158.2027,6150.025714385053,2.869927529182938,1.54129399660934,18406359,1.903,1,415.185334034068,48,UM,Hybrid,Partly Free,,0,0.0,0.0,113199581158.2027,415.185334034068,62.3112389,33.6586778,0.0,0.0,0.0,0.0,1.0,0.0,25.452418302701606,16.728206815029175,6.031130675554113,0,0,0,0,0,0,0,0,1,0.55
Guinea,2019,29.1689419,38.1864104,51.2403992,42.3596149,38.3218373,42.4901327,13442861496.44542,1031.341464807319,9.470010392530124,2.56100451729991,13034346,5.018,0,197.7543307076341,40,L,Autocracy,Partly Free,,0,0.0,0.0,13442861496.44542,197.7543307076341,51.2403992,38.1864104,0.0,0.0,0.0,0.0,0.0,0.0,23.32171405841562,16.383098508199232,5.292069543020994,0,0,0,0,0,0,0,0,0,0.18
Guyana,2019,42.975976,49.6980188,64.8797001,46.29337,49.3874005,57.57327189999999,5173760191.846522,6405.824434445621,2.087230891620126,2.0146740033225,807665,13.172,0,67.20693771302835,74,UM,Democracy,Free,,0,0.0,0.0,5173760191.846522,67.20693771302835,64.8797001,49.6980188,0.0,0.0,0.0,0.0,0.0,0.0,22.366865571133324,13.601903885707182,4.222546285673161,0,0,0,0,0,0,0,0,0,0.005
Haiti,2012,20.451917,20.2365991,46.7528476,35.5313894,33.2761927,44.4120757,13708925477.13041,1361.393965873743,5.018041554292463,1.54988860322553,10069771,14.1,0,0.0,43,L,Hybrid,Partly Free,,0,0.0,0.0,13708925477.13041,0.0,46.7528476,20.2365991,0.0,0.0,0.0,0.0,0.0,0.0,23.341312952403957,16.12504862292899,0.0,0,0,0,0,0,0,0,0,0,0.09
Honduras,2024,22.6603858,39.2915482,56.20642179999999,44.9578114,36.7110928,45.4105717,37093565854.04368,3426.434833289226,4.606210981271069,1.68469129774697,10825703,4.91,0,581.271651183095,48,LM,Hybrid,Partly Free,,0,0.0,0.0,37093565854.04368,581.271651183095,56.20642179999999,39.2915482,0.0,0.0,0.0,0.0,0.0,0.0,24.33670936443181,16.197433864380198,6.366937093445517,0,0,0,0,0,0,0,0,0,0.01
Hungary,2024,48.6530989,61.0995877,73.3475875,60.146918,60.2749551,56.3639304,222722738925.641,23292.32638824783,3.703703703703689,-0.314510077464087,9562065,4.466,0,4734.698455688237,65,H,Hybrid,Partly Free,,0,0.0,0.0,222722738925.641,4734.698455688237,73.3475875,61.0995877,0.0,0.0,0.0,0.0,0.0,0.0,26.12919351164006,16.073314370466054,8.462884503862842,0,0,0,0,0,0,0,0,0,0.01
Iceland,2024,84.87291019999999,83.3448105,86.4880288,75.8432588,84.9818181,81.7864479,33255181468.93819,86040.53098512879,5.856838499700656,0.218346070592545,386506,3.558,0,0.0,95,H,Democracy,Free,,0,0.0,0.0,33255181468.93819,0.0,86.4880288,83.3448105,0.0,0.0,0.0,0.0,0.0,0.0,24.22747642558982,12.864905258100459,0.0,0,0,0,0,0,0,0,0,0,0.0
India,2024,41.8767696,59.20762819999999,52.4723123,53.3476378,56.2895569,55.4677802,3909891533858.083,2694.737808599611,4.953035509736557,0.890706546985984,1450935791,4.173,1,86125.97624855244,63,LM,Democracy,Partly Free,,0,0.0,0.0,3909891533858.083,86125.97624855244,52.4723123,59.20762819999999,0.0,0.0,0.0,0.0,1.0,0.0,28.99453074884004,21.09547455900789,11.363577954334874,0,0,0,0,0,0,0,0,1,0.91
Indonesia,2023,38.8844656,56.6528103,55.4106465,60.2378198,55.5576115,56.49820769999999,1371169301563.622,4876.307745122524,3.669386548597611,0.842666137328498,281190067,3.308,1,11258.79756951003,57,UM,Democracy,Partly Free,,0,0.0,0.0,1371169301563.622,11258.79756951003,55.4106465,56.6528103,0.0,0.0,0.0,0.0,1.0,0.0,27.94668499653218,19.454541397220115,9.328993923691051,0,0,0,0,0,0,0,0,1,0.835
Iraq,2021,20.0427829,27.4041568,28.7885726,36.5329992,32.2243657,38.8679453,209691945713.1035,4868.494310807826,6.041864890580439,2.24127347113109,43071211,16.173,1,4771.002728739036,29,UM,Hybrid,Not Free,,1,0.0,0.0,209691945713.1035,4771.002728739036,28.7885726,27.4041568,0.0,0.0,0.0,0.0,1.0,1.0,26.068905365504847,17.578365396871188,8.470521355040576,0,0,0,0,0,0,0,0,1,0.855
Ireland,2024,79.686442,82.6755532,78.0218154,83.1635984,84.3524795,85.5124618,609157459747.2053,112894.9532408054,2.113449995773167,1.57375843711631,5395790,4.271,0,1330.503579379141,97,H,Democracy,Free,,0,0.0,0.0,609157459747.2053,1330.503579379141,78.0218154,82.6755532,0.0,0.0,0.0,0.0,0.0,0.0,27.135342625831584,15.501129763165299,7.194064093481047,0,0,0,0,0,0,0,0,0,0.0
Israel,2024,65.1273135,74.1410108,48.1722073,72.4302177,67.2862738,62.0152058,540379921261.681,54176.68443833022,3.074808898050246,1.26518834033156,9974400,2.901,0,46505.2983693376,73,H,Democracy,Free,,0,0.0,0.0,540379921261.681,46505.2983693376,48.1722073,74.1410108,0.0,0.0,0.0,0.0,0.0,0.0,27.015538287017755,16.115532468811807,10.747343031206047,0,0,0,0,0,0,0,0,0,0.43
Italy,2024,59.0516772,66.7457636,71.1675431,64.9588526,67.6216519,75.530479,2380825077243.593,40385.3413957669,0.982373023061417,-0.0534387378437725,58952704,6.499,0,37964.57831690215,89,H,Democracy,Free,,0,0.0,0.0,2380825077243.593,37964.57831690215,71.1675431,66.7457636,0.0,0.0,0.0,0.0,0.0,0.0,28.49846821464656,17.892246070239267,10.54443519442746,0,0,0,0,0,0,0,0,0,0.0
Jamaica,2023,45.0927851,54.5486815,74.0301443,57.2057484,55.6419164,65.4815405,21418804319.63945,7542.400842753452,6.474137346620627,0.0226098931571573,2839786,3.022,0,230.3602183609181,80,UM,Democracy,Free,,0,0.0,0.0,21418804319.63945,230.3602183609181,74.0301443,54.5486815,0.0,0.0,0.0,0.0,0.0,0.0,23.787535079709542,14.859239607324747,5.443975882784435,0,0,0,0,0,0,0,0,0,0.0
Japan,2024,75.322857,91.9378443,85.270442,75.83302789999999,82.97998439999999,76.3842312,4027597523550.583,32487.07780475674,2.738536816352407,-0.435651699326323,123975371,2.535,0,55273.90431670826,96,H,Democracy,Free,,0,0.0,0.0,4027597523550.583,55273.90431670826,85.270442,91.9378443,0.0,0.0,0.0,0.0,0.0,0.0,29.02419116611818,18.63559349093993,10.92007427468314,0,0,0,0,0,0,0,0,0,0.0
Jordan,2023,50.0010677,58.9409204,60.75714809999999,59.8167875,59.08553029999999,43.6737717,51088476338.02818,4466.083142085751,2.084869863271339,1.61225050235636,11439213,16.62,0,2450.239103045255,33,LM,Autocracy,Not Free,,0,0.0,0.0,51088476338.02818,2450.239103045255,60.75714809999999,58.9409204,0.0,0.0,0.0,0.0,0.0,0.0,24.656824796768028,16.252557835261833,7.80434893203214,0,0,0,0,0,0,0,0,0,0.015
Kazakhstan,2022,43.9682585,54.4581171,55.99455709999999,53.8525157,49.3810257,41.4913864,225496328925.4941,11255.33964378811,15.0278644440851,1.46316879039749,20034609,4.86,0,1163.053994279135,23,UM,Autocracy,Not Free,,0,0.0,0.0,225496328925.4941,1163.053994279135,55.99455709999999,54.4581171,0.0,0.0,0.0,0.0,0.0,0.0,26.141569716051503,16.812971835928305,7.059664014053292,0,0,0,0,0,0,0,0,0,0.17
Kenya,2022,32.6476662,44.8757346,49.4578625,48.6976063,49.6576378,52.4566065,114448978152.6374,2109.562885131375,7.659862682722239,1.92297608206469,54252461,5.441,0,1155.179523019398,52,LM,Hybrid,Partly Free,,0,0.0,0.0,114448978152.6374,1155.179523019398,49.4578625,44.8757346,0.0,0.0,0.0,0.0,0.0,0.0,25.46339495498392,17.80915893184357,7.052876333904617,0,0,0,0,0,0,0,0,0,0.1
Kosovo,2024,42.6987358,50.1486573,60.3959884,51.3465962,57.8620111,59.6424284,11197246322.58802,7023.065985128776,1.619449945594762,-5.39126176551648,1594353,10.834,0,165.5546685531693,60,UM,Hybrid,Partly Free,,0,0.0,0.0,11197246322.58802,165.5546685531693,60.3959884,50.1486573,0.0,0.0,0.0,0.0,0.0,0.0,23.138933721052606,14.2819791964861,5.115323595187504,0,0,0,0,0,0,0,0,0,0.005
Kuwait,2016,40.9980663,51.2857028,65.53039629999999,54.0923611,55.7792612,49.5532621,109406674124.6521,27323.6890735517,3.198397766583738,4.32594906785888,4004096,2.16,0,6446.742131362371,36,H,Autocracy,Not Free,,0,0.0,0.0,109406674124.6521,6446.742131362371,65.53039629999999,51.2857028,0.0,0.0,0.0,0.0,0.0,0.0,25.41833773170648,15.202828644898034,8.77148529135239,0,0,0,0,0,0,0,0,0,0.005
Kyrgyz Republic,2023,23.6346513,31.8166933,57.1884601,46.4365303,40.203215,44.06162339999999,15180842369.48941,2138.22210211478,10.75327704167424,1.76957037310792,7099750,3.498,0,483.8686884227681,75,LM,Hybrid,Free,,0,0.0,0.0,15180842369.48941,483.8686884227681,57.1884601,31.8166933,0.0,0.0,0.0,0.0,0.0,0.0,23.443300099501364,15.775570270974027,6.183878108759233,0,0,0,0,0,0,0,0,0,0.04
Latvia,2024,64.5567977,65.7908892,76.48738039999999,72.2084716,75.748188,76.59116829999999,43684254432.36093,23409.0845154775,1.265798858287286,-0.93796839712162,1866124,6.884,0,1425.694079367243,89,H,Democracy,Free,,0,0.0,0.0,43684254432.36093,1425.694079367243,76.48738039999999,65.7908892,0.0,0.0,0.0,0.0,0.0,0.0,24.500253563671144,14.43937464635589,7.2631152142328865,0,0,0,0,0,0,0,0,0,0.0
Lebanon,2019,22.9844669,39.2409451,43.00695,46.0123721,42.1558502,46.0597688,51605959131.27413,8905.880054974366,3.005389493903827,-3.21837128976045,5794594,11.301,0,2326.058336524859,44,UM,Hybrid,Partly Free,,0,0.0,0.0,51605959131.27413,2326.058336524859,43.00695,39.2409451,0.0,0.0,0.0,0.0,0.0,0.0,24.666902989825388,15.572436144479381,7.752360232401406,0,0,0,0,0,0,0,0,0,0.035
Lesotho,2024,41.7332409,38.7584729,61.4725426,47.215987,49.96707079999999,54.1339418,2271759454.511072,971.9077182482897,6.105446242450317,1.11644894351979,2337423,18.701,0,36.29597699581493,66,LM,Hybrid,Partly Free,,0,0.0,0.0,2271759454.511072,36.29597699581493,61.4725426,38.7584729,0.0,0.0,0.0,0.0,0.0,0.0,21.543820458745692,14.664560026247424,3.618885465492882,0,0,0,0,0,0,0,0,0,0.0
Liberia,2017,30.5931504,28.8259308,61.2793685,41.2966227,43.3378435,56.0453553,3390703400.0,699.2690957274035,12.41963239071377,1.94324776688719,4848925,5.931,0,13.3355,62,L,Hybrid,Partly Free,,0,0.0,0.0,3390703400.0,13.3355,61.2793685,28.8259308,0.0,0.0,0.0,0.0,0.0,0.0,21.944303229735446,15.394267795092508,2.662738978392207,0,0,0,0,0,0,0,0,0,0.01
Libya,2012,25.312213,24.1596226,38.9983835,33.6144442,39.1000916,41.9572379,92540938129.13145,14975.89027951445,6.059803921568639,-2.61743182302169,6179328,19.03,0,2987.41340773267,43,UM,Autocracy,Partly Free,,0,0.0,0.0,92540938129.13145,2987.41340773267,38.9983835,24.1596226,0.0,0.0,0.0,0.0,0.0,0.0,25.250916957937434,15.636720247487288,8.002497892683962,0,0,0,0,0,0,0,0,0,0.055
Lithuania,2024,67.9504044,74.7023169,81.941602,75.2330168,80.616275,78.24859099999999,84869215513.36482,29384.01895986633,0.7157358352287232,0.579633464785161,2888278,7.095,0,2627.47414171702,89,H,Democracy,Free,,0,0.0,0.0,84869215513.36482,2627.47414171702,81.941602,74.7023169,0.0,0.0,0.0,0.0,0.0,0.0,25.164377267505575,14.876171380976931,7.874158782553521,0,0,0,0,0,0,0,0,0,0.0
Luxembourg,2024,88.656893,91.00071249999999,84.22385919999999,83.8609523,87.2859802,85.99661909999999,93279851863.40623,137781.6816591231,2.051132699548591,1.57538901671221,677012,6.421,0,871.6431411964221,97,H,Democracy,Free,,0,0.0,0.0,93279851863.40623,871.6431411964221,84.22385919999999,91.00071249999999,0.0,0.0,0.0,0.0,0.0,0.0,25.258869971472784,13.425445754073417,6.771526699298277,0,0,0,0,0,0,0,0,0,0.0
Madagascar,2022,28.3020557,33.4865068,56.9261073,41.7518806,40.3232666,47.5054761,15325603272.60971,503.5145334729596,8.16059031991844,2.48207836172625,30437261,3.186,0,98.14916922293187,61,L,Hybrid,Partly Free,,0,0.0,0.0,15325603272.60971,98.14916922293187,56.9261073,33.4865068,0.0,0.0,0.0,0.0,0.0,0.0,23.452790683319158,17.231178139474665,4.596625475938587,0,0,0,0,0,0,0,0,0,0.13
Malawi,2024,34.7249395,37.2287788,59.3998253,45.6372095,54.44678279999999,54.933872,11316411329.46194,522.5703936425472,32.17965042250251,2.57641467045761,21655286,15.406,0,117.5899945449059,65,L,Democracy,Partly Free,,0,0.0,0.0,11316411329.46194,117.5899945449059,59.3998253,37.2287788,0.0,0.0,0.0,0.0,0.0,0.0,23.149519839182684,16.890760185833273,4.77567211997709,0,0,0,0,0,0,0,0,0,0.045
Malaysia,2022,55.3650278,66.618172,70.13575639999999,65.2051438,62.0469295,54.1725627,407830525989.5535,11754.56783362477,3.378698625499285,1.1977720012836,34695493,3.93,0,3673.788247833662,53,UM,Hybrid,Partly Free,,0,0.0,0.0,407830525989.5535,3673.788247833662,70.13575639999999,66.618172,0.0,0.0,0.0,0.0,0.0,0.0,26.73411754758332,17.3621203805773,8.209250790349763,0,0,0,0,0,0,0,0,0,0.0
Mali,2023,30.6625607,27.5043888,22.2023396,43.1271705,39.1233759,37.5193155,24813860598.53067,1043.953385352801,2.058802282742227,2.97400537620334,23769127,5.446,1,785.2650084672229,26,L,Autocracy,Not Free,,1,0.0,0.0,24813860598.53067,785.2650084672229,22.2023396,27.5043888,0.0,0.0,0.0,0.0,1.0,1.0,23.93466822913599,16.98389815376654,6.6672938965030175,0,0,0,0,0,0,0,0,1,0.87
Malta,2024,53.2551393,63.4443032,79.6436621,62.61655529999999,69.4799896,72.9801616,24971574502.44748,43898.57818085967,1.650794692831088,2.87111128593908,568847,3.115,0,109.2548963613431,87,H,Democracy,Free,,0,0.0,0.0,24971574502.44748,109.2548963613431,79.6436621,63.4443032,0.0,0.0,0.0,0.0,0.0,0.0,23.941003995055024,13.251368542096339,4.70279492478155,0,0,0,0,0,0,0,0,0,0.0
Mauritania,2019,27.9977303,35.3171652,54.8692793,42.853978,43.5035102,41.5742134,7894764885.823116,1767.072710620998,2.300092621179372,2.95347297852629,4467708,10.416,0,162.3979549764987,34,LM,Autocracy,Not Free,,0,0.0,0.0,7894764885.823116,162.3979549764987,54.8692793,35.3171652,0.0,0.0,0.0,0.0,0.0,0.0,22.789465704200843,15.312386307238194,5.096188666903879,0,0,0,0,0,0,0,0,0,0.095
Mauritius,2024,54.7467036,66.2220234,79.39487199999999,69.6879982,67.95570649999999,63.3059881,14937861786.17,11990.77989448369,3.604522038479597,-0.2299528038748,1245779,5.213,0,23.00985332571389,86,UM,Democracy,Free,,0,0.0,0.0,14937861786.17,23.00985332571389,79.39487199999999,66.2220234,0.0,0.0,0.0,0.0,0.0,0.0,23.42716488640643,14.035272397732074,3.1784643013312825,0,0,0,0,0,0,0,0,0,0.0
Mexico,2024,28.8100291,47.0640988,53.6732923,51.77493219999999,37.1058908,50.9282349,1856365616165.938,14185.78122485286,4.722255884529316,0.860515443690537,130861007,2.616,1,16726.42545209339,59,UM,Democracy,Partly Free,,0,0.0,0.0,1856365616165.938,16726.42545209339,53.6732923,47.0640988,0.0,0.0,0.0,0.0,1.0,0.0,28.24964172236154,18.689646310264784,9.724804894039263,0,0,0,0,0,0,0,0,1,0.78
Moldova,2024,41.9527948,56.349995,60.0013863,54.1256767,54.1880698,61.8150333,18200340853.65168,7576.195894133255,4.677735160070515,-2.28306147072637,2402306,1.427,0,110.7255020001238,60,UM,Hybrid,Partly Free,,0,0.0,0.0,18200340853.65168,110.7255020001238,60.0013863,56.349995,0.0,0.0,0.0,0.0,0.0,0.0,23.624706159131353,14.691940083613245,4.716044987985736,0,0,0,0,0,0,0,0,0,0.01
Mongolia,2024,38.0182939,43.7724984,73.0751923,53.7469717,55.2475985,59.07043479999999,23794540024.51317,6750.630115772402,6.207133015103031,1.24590299529718,3524788,5.812,0,180.843441375323,84,UM,Democracy,Free,,0,0.0,0.0,23794540024.51317,180.843441375323,73.0751923,43.7724984,0.0,0.0,0.0,0.0,0.0,0.0,23.892721980612457,15.075331134280907,5.203146104658448,0,0,0,0,0,0,0,0,0,0.0
Montenegro,2023,46.4768304,56.72056689999999,70.371122,57.97331029999999,59.1616188,60.6166151,7644389159.844707,12259.87750344364,8.584769104554026,-0.00994290846928265,623529,13.146,0,114.2605260997144,69,UM,Hybrid,Partly Free,,0,0.0,0.0,7644389159.844707,114.2605260997144,70.371122,56.72056689999999,0.0,0.0,0.0,0.0,0.0,0.0,22.757237772657096,13.34315215842186,4.7471950104585785,0,0,0,0,0,0,0,0,0,0.0
Morocco,2022,37.978752,49.0068481,57.4901092,53.58244269999999,49.2337674,44.6744083,131245312804.4832,3463.1376953125,6.657042027590669,1.00863622672701,37329064,11.79,0,4995.028073835146,37,LM,Autocracy,Not Free,,0,0.0,0.0,131245312804.4832,4995.028073835146,57.4901092,49.0068481,0.0,0.0,0.0,0.0,0.0,0.0,25.600334025822235,17.435282803697902,8.516398490492119,0,0,0,0,0,0,0,0,0,0.045
Mozambique,2022,29.6104098,36.3553301,43.3319001,42.46299339999999,38.5004121,43.2426137,18883528581.3734,578.251663751351,10.27940180934209,2.9473431712575,32656246,6.789,0,417.1753094156353,45,L,Autocracy,Partly Free,,0,0.0,0.0,18883528581.3734,417.1753094156353,43.3319001,36.3553301,0.0,0.0,0.0,0.0,0.0,0.0,23.661555875453853,17.301546727697428,6.035900745116817,0,0,0,0,0,0,0,0,0,0.395
Myanmar,2019,32.3701851,25.7175242,42.6196691,41.4523781,36.5408084,39.8672009,75065106243.35782,1425.989542416681,8.825066968045581,0.702425162747352,52640713,0.407,0,1532.077146009758,30,LM,Autocracy,Not Free,,0,0.0,0.0,75065106243.35782,1532.077146009758,42.6196691,25.7175242,0.0,0.0,0.0,0.0,0.0,0.0,25.041621657174467,17.779000408719135,7.3350322011605895,0,0,0,0,0,0,0,0,0,0.115
Namibia,2018,56.81344929999999,57.438306,77.75339509999999,55.8603153,60.11838239999999,64.5961578,13682019076.40218,5308.608134087051,4.291591053378753,2.77246337174234,2577327,19.877,0,455.5690843038059,75,UM,Democracy,Free,,0,0.0,0.0,13682019076.40218,455.5690843038059,77.75339509999999,57.438306,0.0,0.0,0.0,0.0,0.0,0.0,23.33934833162734,14.762263761317811,6.123740023314117,0,0,0,0,0,0,0,0,0,0.0
Nepal,2017,32.043254,33.3015495,56.4951726,44.5023864,49.3242183,53.6342527,28971588940.36399,1034.283749068464,2.777039983002109,0.199389989212823,28011258,10.66,0,436.7455635466223,55,L,Hybrid,Partly Free,,0,0.0,0.0,28971588940.36399,436.7455635466223,56.4951726,33.3015495,0.0,0.0,0.0,0.0,0.0,0.0,24.089581495044225,17.148117094458925,6.081637836440984,0,0,0,0,0,0,0,0,0,0.185
Netherlands,2024,86.5164277,85.406351,73.2073612,82.0184513,86.34203509999999,85.79246309999999,1214927698572.656,67520.42189562811,3.347543042199533,0.648823280021657,17993485,3.639,0,23179.21126017078,97,H,Democracy,Free,,0,0.0,0.0,1214927698572.656,23179.21126017078,73.2073612,85.406351,0.0,0.0,0.0,0.0,0.0,0.0,27.825705683603644,16.705520361473965,10.051054230750864,0,0,0,0,0,0,0,0,0,0.005
New Zealand,2024,86.89146079999999,87.2960648,85.5494444,83.9530858,85.6627596,86.41504239999999,260172385097.6165,49205.17921467924,2.922797823019567,1.66869187850147,5287500,4.763,0,2998.527517582105,99,H,Democracy,Free,,0,0.0,0.0,260172385097.6165,2998.527517582105,85.5494444,87.2960648,0.0,0.0,0.0,0.0,0.0,0.0,26.284610267871606,15.480856291461947,8.006210061107444,0,0,0,0,0,0,0,0,0,0.0
Nicaragua,2018,23.1967986,36.3551589,46.9001644,46.1258522,34.496984,36.4509986,13025221974.23197,2035.165493905072,4.947237280398862,1.31878207820366,6400080,5.2,0,81.59393269387536,32,LM,Autocracy,Not Free,,0,0.0,0.0,13025221974.23197,81.59393269387536,46.9001644,36.3551589,0.0,0.0,0.0,0.0,0.0,0.0,23.29015346668492,15.67182120449981,4.413936223759745,0,0,0,0,0,0,0,0,0,0.04
Niger,2022,36.4553397,38.7999217,43.7040962,44.23245379999999,45.511452,47.1834391,15433852712.29634,609.7451475748783,4.226217919163925,3.25170642220024,25311973,0.403,0,242.5070463237587,51,L,Autocracy,Partly Free,,0,0.0,0.0,15433852712.29634,242.5070463237587,43.7040962,38.7999217,0.0,0.0,0.0,0.0,0.0,0.0,23.459829161933587,17.046788122368206,5.495145879778532,0,0,0,0,0,0,0,0,0,0.32
Nigeria,2024,25.2937973,31.7683438,31.6874346,44.8748237,39.6344736,44.1328988,252261880141.1505,1084.160418054361,33.24209665454057,2.08297776184189,232679478,3.454,1,1133.303623276479,44,LM,Hybrid,Partly Free,,0,0.0,0.0,252261880141.1505,1133.303623276479,31.6874346,31.7683438,0.0,0.0,0.0,0.0,1.0,0.0,26.253733591769432,19.26517243787763,7.033774193844017,0,0,0,0,0,0,0,0,1,0.825
North Macedonia,2024,41.1908811,50.7116064,68.5558552,59.0627717,53.0935121,58.1398502,16951682245.4202,9291.85661671864,3.489740860269472,-0.189311904958652,1824359,12.265,0,353.6849799857317,67,UM,Hybrid,Partly Free,,0,0.0,0.0,16951682245.4202,353.6849799857317,68.5558552,50.7116064,0.0,0.0,0.0,0.0,0.0,0.0,23.55363291342457,14.416739798562881,5.87123001519854,0,0,0,0,0,0,0,0,0,0.005
Norway,2024,87.5486488,87.1769157,81.32359819999999,81.2082198,90.5162003,90.6189722,483592648313.3012,86785.43344891761,3.145301344310734,0.949855138372357,5572279,3.982,0,10435.32037570911,99,H,Democracy,Free,,0,0.0,0.0,483592648313.3012,10435.32037570911,81.32359819999999,87.1769157,0.0,0.0,0.0,0.0,0.0,0.0,26.9045087535746,15.533314863875562,9.253047344875974,0,0,0,0,0,0,0,0,0,0.0
Oman,2024,58.12232969999999,62.3751465,76.6085897,65.7058833,64.6984828,41.3125372,107137198769.3865,20285.22728973766,0.593589236248469,4.49738628465102,5281538,3.3,0,5988.296488946684,24,H,Autocracy,Not Free,,0,0.0,0.0,107137198769.3865,5988.296488946684,76.6085897,62.3751465,0.0,0.0,0.0,0.0,0.0,0.0,25.397376081550487,15.479728090483924,8.697729236623788,0,0,0,0,0,0,0,0,0,0.0
Pakistan,2021,29.5123294,41.2872377,37.7158986,44.5428148,42.7982259,40.7276145,348516647445.1484,1455.31922370186,9.49621056124947,1.8867779716011,239477801,6.338,0,11649.40781049936,37,LM,Hybrid,Not Free,,0,0.0,0.0,348516647445.1484,11649.40781049936,37.7158986,41.2872377,0.0,0.0,0.0,0.0,0.0,0.0,26.576951834861614,19.29397128575983,9.363096463574257,0,0,0,0,0,0,0,0,0,0.33
Panama,2024,36.6386167,56.1071256,70.4155683,53.6988437,52.4309378,64.56969579999999,86523959131.7472,19161.21885015961,0.6932255510045379,1.26624987466078,4515577,8.607,0,0.0,83,H,Democracy,Free,,0,0.0,0.0,86523959131.7472,0.0,70.4155683,56.1071256,0.0,0.0,0.0,0.0,0.0,0.0,25.183687196724815,15.32304375435837,0.0,0,0,0,0,0,0,0,0,0,0.0
Papua New Guinea,2022,35.9482103,30.2527252,54.1819072,43.08203899999999,47.5695148,55.5469194,31653185952.60895,3102.289685940608,5.253239222152406,1.88244961375761,10203169,2.689,0,132.7909406124206,61,LM,Hybrid,Partly Free,,0,0.0,0.0,31653185952.60895,132.7909406124206,54.1819072,30.2527252,0.0,0.0,0.0,0.0,0.0,0.0,24.17810464251187,16.138209014284783,4.896278436974459,0,0,0,0,0,0,0,0,0,0.11
Paraguay,2024,27.1095641,44.447377,64.6331579,52.6360518,46.92080379999999,54.2277463,44458118397.44454,6416.097089708445,3.835402717285325,1.23438951533718,6929153,5.694,0,413.9713480849105,63,UM,Democracy,Partly Free,,0,0.0,0.0,44458118397.44454,413.9713480849105,64.6331579,44.447377,0.0,0.0,0.0,0.0,0.0,0.0,24.517813423364323,15.751248285791892,6.028209477088024,0,0,0,0,0,0,0,0,0,0.005
Peru,2024,33.2730365,47.443648,54.7158131,56.16889579999999,48.2599686,57.6469083,289221969062.9408,8452.371670566214,2.00770739412712,1.0937871324756,34217848,4.858,0,2565.268613719956,67,UM,Democracy,Partly Free,,0,0.0,0.0,289221969062.9408,2565.268613719956,54.7158131,47.443648,0.0,0.0,0.0,0.0,0.0,0.0,26.390460289297216,17.348257966474886,7.850208221583003,0,0,0,0,0,0,0,0,0,0.03
Philippines,2023,36.3367608,53.32019469999999,53.7824112,55.8622915,46.6183464,50.4843017,437055627244.424,3804.082741310969,5.978025155414093,0.810000998681961,114891199,2.409,0,5142.604807858253,58,LM,Hybrid,Partly Free,,0,0.0,0.0,437055627244.424,5142.604807858253,53.7824112,53.32019469999999,0.0,0.0,0.0,0.0,0.0,0.0,26.803326317408665,18.559496151548263,8.545509437122158,0,0,0,0,0,0,0,0,0,0.275
Poland,2024,63.9280835,64.4341341,74.4122187,65.67938889999999,66.8937579,70.0140428,917767106146.7615,25103.56566142297,3.784260075128697,-0.349832361234927,36559233,2.807,0,38000.72865237,82,H,Democracy,Free,,0,0.0,0.0,917767106146.7615,38000.72865237,74.4122187,64.4341341,0.0,0.0,0.0,0.0,0.0,0.0,27.545209498373577,17.414444352470774,10.545386928525687,0,0,0,0,0,0,0,0,0,0.01
Portugal,2024,64.5372586,69.76339,75.06596569999999,66.5361271,75.4172468,78.99231379999999,313271185085.1023,29292.24210475304,2.416131877918839,1.09536933248007,10694681,6.427,0,4641.61858464707,96,H,Democracy,Free,,0,0.0,0.0,313271185085.1023,4641.61858464707,75.06596569999999,69.76339,0.0,0.0,0.0,0.0,0.0,0.0,26.4703350583994,16.185257166536257,8.443033836174104,0,0,0,0,0,0,0,0,0,0.0
Qatar,2022,64.4481756,74.4612461,81.5465746,68.8041552,67.252336,41.8194198,235709340659.3406,88701.4689763536,4.995275537407606,5.90701824957099,2657333,0.13,0,15412.08791208791,25,H,Autocracy,Not Free,,0,0.0,0.0,235709340659.3406,15412.08791208791,81.5465746,74.4612461,0.0,0.0,0.0,0.0,0.0,0.0,26.185865275548924,14.792833922524755,9.642972291892725,0,0,0,0,0,0,0,0,0,0.03
Romania,2024,48.3805649,59.4705016,68.6083999,60.9104172,63.3515938,63.62900879999999,382564217988.8657,20080.2096215595,5.721405743544386,-0.0485820204761977,19051804,5.43,0,8715.729594321898,82,H,Democracy,Free,,0,0.0,0.0,382564217988.8657,8715.729594321898,68.6083999,59.4705016,0.0,0.0,0.0,0.0,0.0,0.0,26.670162366290608,16.762672405704592,9.07299940003277,0,0,0,0,0,0,0,0,0,0.015
Rwanda,2024,60.5157778,58.1246449,65.14811689999999,59.11483939999999,58.69052569999999,46.5418013,14251642235.09684,999.6545616554698,1.770292401986348,2.14176839550509,14256567,11.331,0,175.9243805853525,21,L,Autocracy,Not Free,,0,0.0,0.0,14251642235.09684,175.9243805853525,65.14811689999999,58.1246449,0.0,0.0,0.0,0.0,0.0,0.0,23.380137981659292,16.472728270772198,5.175722412954462,0,0,0,0,0,0,0,0,0,0.005
Saudi Arabia,2024,63.0932113,66.5710105,65.0715555,66.0645617,60.5850662,29.7683225,1239804533333.333,35121.66286877422,1.687921123758089,4.63120232685885,35300280,3.518,0,80330.66666666667,9,H,Autocracy,Not Free,,0,0.0,0.0,1239804533333.333,80330.66666666667,65.0715555,66.5710105,0.0,0.0,0.0,0.0,0.0,0.0,27.84597484871209,17.379401482211787,11.293919176701497,0,0,0,0,0,0,0,0,0,0.13
Senegal,2024,50.1429568,55.8984038,61.990291,51.0517148,53.4421286,57.1306812,32808056600.94358,1773.218299234481,0.804503298792438,2.32058603495657,18501984,5.775,0,514.941285308382,69,LM,Democracy,Partly Free,,0,0.0,0.0,32808056600.94358,514.941285308382,61.990291,55.8984038,0.0,0.0,0.0,0.0,0.0,0.0,24.2139399502829,16.733388581589907,6.2459929708451485,0,0,0,0,0,0,0,0,0,0.07
Serbia,2024,36.502794,53.3227691,63.0137693,56.0984827,53.5212307,48.6955579,90097765959.11143,13679.2065983557,4.670529748899701,-0.555761423984425,6586476,7.24,0,2322.8301016066,56,UM,Hybrid,Partly Free,,0,0.0,0.0,90097765959.11143,2322.8301016066,63.0137693,53.3227691,0.0,0.0,0.0,0.0,0.0,0.0,25.224161206138,15.700529165654729,7.75097200927817,0,0,0,0,0,0,0,0,0,0.025
Seychelles,2024,72.7680211,63.5273525,81.54872859999999,61.008506,67.2377568,67.95220929999999,2167239562.460129,17858.82263839782,0.3117260509196685,1.31136094801067,121354,2.593,0,26.86086969180824,80,H,Democracy,Free,,0,0.0,0.0,2167239562.460129,26.86086969180824,81.54872859999999,63.5273525,0.0,0.0,0.0,0.0,0.0,0.0,21.496720104133374,11.70647541343736,3.3272231843686786,0,0,0,0,0,0,0,0,0,0.0
Sierra Leone,2018,37.0948912,32.3906127,62.36616309999999,40.39170439999999,44.2858469,52.0775883,6390514688.528162,845.9145404609322,16.02954476936986,2.34731039123252,7554563,3.192,0,29.6224780996257,65,L,Hybrid,Partly Free,,0,0.0,0.0,6390514688.528162,29.6224780996257,62.36616309999999,32.3906127,0.0,0.0,0.0,0.0,0.0,0.0,22.578080648184237,15.837662441897939,3.4217343177068034,0,0,0,0,0,0,0,0,0,0.025
Singapore,2024,87.69263889999999,95.6655857,86.93683759999999,88.48934849999999,81.596249,57.5195777,547386645891.8467,90674.066632628,2.389511235950172,1.99449365639324,6036860,2.737,0,15061.02580220307,48,H,Hybrid,Partly Free,,0,0.0,0.0,547386645891.8467,15061.02580220307,86.93683759999999,95.6655857,0.0,0.0,0.0,0.0,0.0,0.0,27.028421237736318,15.613394732832358,9.619932007726028,0,0,0,0,0,0,0,0,0,0.01
Slovenia,2024,61.5046962,72.521532,78.2087684,67.4509563,73.80819919999999,75.3519851,72972015197.38591,34301.03186865935,1.965626564325125,0.326705896075754,2127400,3.697,0,951.9049998810118,96,H,Democracy,Free,,0,0.0,0.0,72972015197.38591,951.9049998810118,78.2087684,72.521532,0.0,0.0,0.0,0.0,0.0,0.0,25.013341851149317,14.570411604856938,6.859515213355816,0,0,0,0,0,0,0,0,0,0.0
Spain,2024,62.3193026,72.9391098,65.8432851,64.6542875,73.0011894,76.9498381,1725671652742.187,35326.76830692781,2.774178265347722,1.02121260938381,48848840,11.344,0,24615.39792874126,90,H,Democracy,Free,,0,0.0,0.0,1725671652742.187,24615.39792874126,65.8432851,72.9391098,0.0,0.0,0.0,0.0,0.0,0.0,28.176637454538508,17.704241210480717,10.111168082322196,0,0,0,0,0,0,0,0,0,0.045
Sri Lanka,2023,40.0247663,45.8075951,54.449499,48.8697814,51.5342172,50.2651881,83716142582.19453,3798.890165730114,16.54117422798318,-0.651320770103285,22037000,4.665,0,1165.82464021347,54,LM,Hybrid,Partly Free,,0,0.0,0.0,83716142582.19453,1165.82464021347,54.449499,45.8075951,0.0,0.0,0.0,0.0,0.0,0.0,25.150697658250035,16.90823346221012,7.062041355540105,0,0,0,0,0,0,0,0,0,0.1
Sudan,2009,18.9270635,27.4996056,24.22661,35.4317834,32.9834782,29.4308098,51621044076.92307,1178.22180175781,11.25675870630097,2.77210926299041,34569113,13.0,0,3180.483009730661,9,LM,Autocracy,Not Free,,0,0.0,0.0,51621044076.92307,3180.483009730661,24.22661,27.4996056,0.0,0.0,0.0,0.0,0.0,0.0,24.667195257260985,17.358471182411144,8.06510272232562,0,0,0,0,0,0,0,0,0,0.345
Sweden,2024,87.6821741,85.8476797,76.2033355,81.2293598,86.6824542,87.08994179999999,603715224265.7979,57117.48774406163,2.835816582240342,0.313432129983607,10569709,8.306,0,12040.28940275217,99,H,Democracy,Free,,0,0.0,0.0,603715224265.7979,12040.28940275217,76.2033355,85.8476797,0.0,0.0,0.0,0.0,0.0,0.0,27.126368440696176,16.173502921330023,9.39609680638058,0,0,0,0,0,0,0,0,0,0.0
Switzerland,2024,88.484008,87.1231822,82.64576869999999,82.79486419999999,87.3183948,85.5924866,936564198048.5159,103998.1866856041,1.06234041976595,1.30500749907811,9005582,4.343,0,6722.303543869969,96,H,Democracy,Free,,0,0.0,0.0,936564198048.5159,6722.303543869969,82.64576869999999,87.1231822,0.0,0.0,0.0,0.0,0.0,0.0,27.56548390752163,16.013355276306637,8.813334911512271,0,0,0,0,0,0,0,0,0,0.0
Tajikistan,2016,23.8462968,36.1671178,53.14990179999999,39.8043593,38.0168533,33.1822985,6992416096.890184,788.710481734485,6.004580823221391,2.53351872618566,8865631,0.081,0,84.59018362804856,11,LM,Autocracy,Not Free,,0,0.0,0.0,6992416096.890184,84.59018362804856,53.14990179999999,36.1671178,0.0,0.0,0.0,0.0,0.0,0.0,22.66809198409678,15.997692786545485,4.449570599329335,0,0,0,0,0,0,0,0,0,0.03
Tanzania,2024,41.9016869,45.6540613,59.2394684,46.4192385,48.02507869999999,45.5602425,78844405385.21951,1186.71691894531,3.056946763123725,2.87426672866542,68560157,2.431,0,920.8498858687549,35,LM,Hybrid,Not Free,,0,0.0,0.0,78844405385.21951,920.8498858687549,59.2394684,45.6540613,0.0,0.0,0.0,0.0,0.0,0.0,25.09074219522209,18.0432221368019,6.82638239670965,0,0,0,0,0,0,0,0,0,0.095
Thailand,2024,37.1805433,56.27225,54.2220045,56.5410603,53.2556386,47.050639,526517658841.6837,7346.620221421852,1.365805407980367,-0.0480210554154485,71668011,0.781,0,5522.411647480037,34,UM,Hybrid,Not Free,,0,0.0,0.0,526517658841.6837,5522.411647480037,54.2220045,56.27225,0.0,0.0,0.0,0.0,0.0,0.0,26.98955070802006,18.087555069340656,8.61675100043533,0,0,0,0,0,0,0,0,0,0.155
Togo,2022,35.0827066,32.5101273,52.9056229,48.225645,45.3413466,41.91994529999999,8646453099.412397,951.2323786903866,7.967573616179453,2.35270895960531,9089738,1.965,0,336.608323297713,42,L,Autocracy,Partly Free,,0,0.0,0.0,8646453099.412397,336.608323297713,52.9056229,32.5101273,0.0,0.0,0.0,0.0,0.0,0.0,22.88041502760317,16.02265675287015,5.82188641673576,0,0,0,0,0,0,0,0,0,0.09
Trinidad and Tobago,2024,40.9763694,53.5044657,72.0440017,51.604828,50.5703661,63.9605409,25633544529.48487,18733.41104064936,0.5268846257768393,0.0601642729371072,1368333,4.006,0,234.5447821557964,82,H,Democracy,Free,,0,0.0,0.0,25633544529.48487,234.5447821557964,72.0440017,53.5044657,0.0,0.0,0.0,0.0,0.0,0.0,23.967167663916616,14.129104499411156,5.461901053152857,0,0,0,0,0,0,0,0,0,0.005
Tunisia,2023,43.9611436,48.0648067,52.63842229999999,48.0108446,51.5463765,48.0041325,48205328303.33978,3951.116833769215,9.328995975078653,0.666925034776371,12200431,15.106,0,1208.204189729942,51,LM,Hybrid,Partly Free,,0,0.0,0.0,48205328303.33978,1208.204189729942,52.63842229999999,48.0648067,0.0,0.0,0.0,0.0,0.0,0.0,24.598735397626427,16.31698191891264,7.097717727776858,0,0,0,0,0,0,0,0,0,0.105
Uganda,2021,28.9849423,40.2816746,49.7688381,47.3094895,44.4403319,40.0915058,40529788748.67369,882.7917175425043,2.204572047574139,3.21773661761443,45910930,3.416,0,1066.564382529593,34,L,Autocracy,Not Free,,0,0.0,0.0,40529788748.67369,1066.564382529593,49.7688381,40.2816746,0.0,0.0,0.0,0.0,0.0,0.0,24.425303065376493,17.64221379482615,6.973135054787246,0,0,0,0,0,0,0,0,0,0.185
Ukraine,2021,31.5787877,43.4683901,48.9739903,49.2080862,47.1793877,58.5918082,199765859570.9353,4775.94580078125,9.363139176952233,-0.857231073467664,44298640,9.834,0,6898.123104359392,61,LM,Hybrid,Partly Free,,0,0.0,0.0,199765859570.9353,6898.123104359392,48.9739903,43.4683901,0.0,0.0,0.0,0.0,0.0,0.0,26.02041181554707,17.606464557343905,8.839149596184473,0,0,0,0,0,0,0,0,0,0.05
United Kingdom,2024,78.4145814,74.3798903,70.2964669,78.6971573,78.8208235,79.6131796,3686033044482.128,53246.36761451085,3.271572946359201,1.0659564474212,69226000,4.361,0,81763.17306967443,92,H,Democracy,Free,,0,0.0,0.0,3686033044482.128,81763.17306967443,70.2964669,74.3798903,0.0,0.0,0.0,0.0,0.0,0.0,28.935571939998482,18.05288708701065,11.311594444615373,0,0,0,0,0,0,0,0,0,0.0
Uruguay,2024,78.7823863,64.7661835,87.72361269999999,65.06451009999999,73.3245819,78.3389459,80961511073.57965,23906.51330294079,4.849143666131558,-0.0440759548302792,3386588,8.209,0,1736.764487451005,96,H,Democracy,Free,,0,0.0,0.0,80961511073.57965,1736.764487451005,87.72361269999999,64.7661835,0.0,0.0,0.0,0.0,0.0,0.0,25.11723970677013,15.035333778112667,7.460354788847587,0,0,0,0,0,0,0,0,0,0.0
Uzbekistan,2018,23.339386,40.8414796,62.27397029999999,36.762057,41.5506875,34.1351848,58695899092.10833,1813.085308136637,17.52417965140548,1.72706882389247,32373490,9.35,0,1440.385072207516,9,LM,Autocracy,Not Free,,0,0.0,0.0,58695899092.10833,1440.385072207516,62.27397029999999,40.8414796,0.0,0.0,0.0,0.0,0.0,0.0,24.79563569921236,17.292850466859083,7.273359785982929,0,0,0,0,0,0,0,0,0,0.035
Viet Nam,2018,39.8572899,51.6994735,64.96755759999999,50.2564141,52.0515382,37.8728693,310106478394.6589,3222.310031253664,3.539628059426409,1.10791395242199,96237319,1.161,0,5500.0,75,LM,Autocracy,Free,,0,0.0,0.0,310106478394.6589,5500.0,64.96755759999999,51.6994735,0.0,0.0,0.0,0.0,0.0,0.0,26.460181554145972,18.38232778219392,8.612685172875459,0,0,0,0,0,0,0,0,0,0.025
Zambia,2023,39.7962677,40.3969835,65.7039949,47.5213202,46.4837036,50.3098947,27577956471.24399,1330.727805767091,10.88453169128201,2.79406758723844,20723965,5.861,0,377.172056162625,54,LM,Hybrid,Partly Free,,0,0.0,0.0,27577956471.24399,377.172056162625,65.7039949,40.3969835,0.0,0.0,0.0,0.0,0.0,0.0,24.040282612014,16.84680136630555,5.935349267092256,0,0,0,0,0,0,0,0,0,0.03
Zimbabwe,2022,23.5958483,29.9566706,51.7832815,33.8746285,34.5817467,35.9846623,40757561708.77414,2536.400502230756,104.7051706286672,1.7062092862652,16069056,10.001,0,332.7173372781065,28,LM,Autocracy,Not Free,,0,0.0,0.0,40757561708.77414,332.7173372781065,51.7832815,29.9566706,0.0,0.0,0.0,0.0,0.0,0.0,24.43090722284856,16.592406055220287,5.8102943390918975,0,0,0,0,0,0,0,0,0,0.12
